INSERT INTO public."Doctor"(id_doctor, name, apellido, image)VALUES (1, 'Gabriel', 'García', 'https://img.freepik.com/foto-gratis/medicos-investigacion-infecciosa-concepto-covid-satisfacen-joven-doctora-asiatica-reciben-buena-res_1258-58226.jpghttps://static5.depositphotos.com/1036362/470/i/450/depositphotos_4702034-stock-photo-smiling-medical-doctor-woman-with.jpg');
INSERT INTO public."Doctor"(id_doctor, name, apellido, image)VALUES (2, 'Alia', 'González', 'https://i.pinimg.com/564x/d8/bf/2a/d8bf2a8789bfd988e6f6ba00ed212c0b.jpg');
INSERT INTO public."Doctor"(id_doctor, name, apellido, image)VALUES (3, 'Maria', 'Rodríguez', 'https://img.freepik.com/foto-gratis/medicos-investigacion-infecciosa-concepto-covid-satisfacen-joven-doctora-asiatica-reciben-buena-res_1258-58226.jpghttps://static5.depositphotos.com/1036362/470/i/450/depositphotos_4702034-stock-photo-smiling-medical-doctor-woman-with.jpg');
INSERT INTO public."Doctor"(id_doctor, name, apellido, image)VALUES (4, 'Antonio', 'Fernández', 'https://i.pinimg.com/564x/d8/bf/2a/d8bf2a8789bfd988e6f6ba00ed212c0b.jpg');
INSERT INTO public."Doctor"(id_doctor, name, apellido, image)VALUES (5, 'Francisca', 'López', 'https://static5.depositphotos.com/1036362/470/i/450/depositphotos_4702034-stock-photo-smiling-medical-doctor-woman-with.jpg');
INSERT INTO public."Doctor"(id_doctor, name, apellido, image)VALUES (6, 'Jesus', 'Martínez', 'https://media.gq.com.mx/photos/61953dabc2a55bfe71d56b68/2:3/w_1329,h_1994,c_limit/GettyImages-136596059-razones-hombres-doctor-cover.jpg');
INSERT INTO public."Doctor"(id_doctor, name, apellido, image)VALUES (7, 'Carmen', 'Sánchez', 'http://imgs.globovision.com/E2WeKGpRprKo3l-RN5aZQWmkaiE=/847x0/smart/c30f834c91e14cf78d01a8e16fe4dd1b');
INSERT INTO public."Doctor"(id_doctor, name, apellido, image)VALUES (8, 'Rabindra', 'Pérez', 'https://st.depositphotos.com/1258191/3252/i/600/depositphotos_32524605-stock-photo-portrait-of-a-handsome-doctor.jpg');
INSERT INTO public."Doctor"(id_doctor, name, apellido, image)VALUES (9, 'Josefa', 'Gómez', 'https://watermark.lovepik.com/photo/20211208/large/lovepik-image-of-young-female-doctors-like-picture_501673092.jpg');
INSERT INTO public."Doctor"(id_doctor, name, apellido, image)VALUES (10, 'Francisco', 'Martin', 'https://images.freeimages.com/images/premium/previews/1521/15213112-happy-male-doctor-with-thumbs-up.jpg');

/*11-20*/
INSERT INTO public."Doctor"(id_doctor, name, apellido, image)VALUES (11, 'Ana Maria', 'Jiménez', 'https://agenciapi.co/sites/default/files/styles/principal_seccion/public/2020-03/mujer%20doctora.jpg?h=a0da85b1&itok=G8yseWAq');
INSERT INTO public."Doctor"(id_doctor, name, apellido, image)VALUES (12, 'David', 'Ruiz', 'https://img.freepik.com/foto-gratis/doctor-negro-afroamericano-hombre_93675-54235.jpg?w=2000');
INSERT INTO public."Doctor"(id_doctor, name, apellido, image)VALUES (13, 'Isabel', 'Hernández', 'https://static6.depositphotos.com/1017986/625/i/600/depositphotos_6258239-stock-photo-attractive-female-doctor.jpg');
INSERT INTO public."Doctor"(id_doctor, name, apellido, image)VALUES (14, 'Juan', 'Diaz', 'https://encrypted-tbn0.gstatic.com/images?q=tbn:ANd9GcRsMmZr2L819y754i84yqqChxW9S3etLhVCpw&usqp=CAU');
INSERT INTO public."Doctor"(id_doctor, name, apellido, image)VALUES (15, 'Maria Pilar', 'Moreno', 'https://img.freepik.com/foto-gratis/doctora-hospital-mascara_23-2148827804.jpg?size=626&ext=jpg');
INSERT INTO public."Doctor"(id_doctor, name, apellido, image)VALUES (16, 'José Antonio', 'Muñoz', 'https://www.recreoviral.com/wp-content/uploads/2019/01/doctores-recreoviral.com-14.jpg');
INSERT INTO public."Doctor"(id_doctor, name, apellido, image)VALUES (17, 'Laura', 'Álvarez', 'https://drabettymendoza.com/wp-content/uploads/2016/07/neonatologa.jpg');
INSERT INTO public."Doctor"(id_doctor, name, apellido, image)VALUES (18, 'Javier', 'Romero', 'https://st.depositphotos.com/1258191/3252/i/600/depositphotos_32524605-stock-photo-portrait-of-a-handsome-doctor.jpg');
INSERT INTO public."Doctor"(id_doctor, name, apellido, image)VALUES (19, 'Maria Teresa', 'Alonso', 'https://www.dramonicaruiz.com/wp-content/uploads/2017/08/doctora-monica-ruiz-ginecologia-obstetricia-1.png');
INSERT INTO public."Doctor"(id_doctor, name, apellido, image)VALUES (20, 'Daniel', 'Gutiérrez', 'https://media.istockphoto.com/photos/portrait-of-smiling-male-doctor-sitting-at-desk-picture-id680482624?b=1&k=6&m=680482624&s=170667a&w=0&h=Jb6KaZ7eQB8Kv9W4pu-7fPIFxBPBh0y_z4GmtZmauUk=');

/*21-30*/
INSERT INTO public."Doctor"(id_doctor, name, apellido, image)VALUES (21, 'Ana', 'Navarro', 'https://thumbs.dreamstime.com/b/retrato-de-una-doctora-que-se-encuentra-aislada-fondo-blanco-m%C3%A9dico-femenino-170533490.jpg');
INSERT INTO public."Doctor"(id_doctor, name, apellido, image)VALUES (22, 'José Luis', 'Torres', 'https://images.freeimages.com/images/premium/previews/1521/15213112-happy-male-doctor-with-thumbs-up.jpg');
INSERT INTO public."Doctor"(id_doctor, name, apellido, image)VALUES (23, 'Cristina', 'Domínguez', 'https://www.dramonicaruiz.com/wp-content/uploads/2017/08/doctora-monica-ruiz-ginecologia-obstetricia-1.png');
INSERT INTO public."Doctor"(id_doctor, name, apellido, image)VALUES (24, 'Carlos', 'Vázquez', 'https://encrypted-tbn0.gstatic.com/images?q=tbn:ANd9GcRsMmZr2L819y754i84yqqChxW9S3etLhVCpw&usqp=CAU');
INSERT INTO public."Doctor"(id_doctor, name, apellido, image)VALUES (25, 'Maria Angeles', 'Ramos', 'https://static6.depositphotos.com/1017986/625/i/600/depositphotos_6258239-stock-photo-attractive-female-doctor.jpg');
INSERT INTO public."Doctor"(id_doctor, name, apellido, image)VALUES (26, 'Alejandro', 'Gil', 'https://st.depositphotos.com/1258191/3252/i/600/depositphotos_32524605-stock-photo-portrait-of-a-handsome-doctor.jpg');
INSERT INTO public."Doctor"(id_doctor, name, apellido, image)VALUES (27, 'Marta', 'Ramírez', 'https://img.freepik.com/foto-gratis/medicos-investigacion-infecciosa-concepto-covid-satisfacen-joven-doctora-asiatica-reciben-buena-res_1258-58226.jpghttps://static5.depositphotos.com/1036362/470/i/450/depositphotos_4702034-stock-photo-smiling-medical-doctor-woman-with.jpg');
INSERT INTO public."Doctor"(id_doctor, name, apellido, image)VALUES (28, 'Miguel', 'Serrano', 'https://www.recreoviral.com/wp-content/uploads/2019/01/doctores-recreoviral.com-14.jpg');
INSERT INTO public."Doctor"(id_doctor, name, apellido, image)VALUES (29, 'Antonia', 'Blanco', 'https://img.freepik.com/foto-gratis/doctora-hospital-mascara_23-2148827804.jpg?size=626&ext=jpg');
INSERT INTO public."Doctor"(id_doctor, name, apellido, image)VALUES (30, 'José Manuel', 'Molina', 'https://thumbs.dreamstime.com/b/odont%C3%B3logo-posando-en-cl%C3%ADnica-privada-moderna-un-buen-dentista-sentado-una-silla-mirando-la-c%C3%A1mara-hombre-maduro-con-barba-161262137.jpg');

/*31-40*/
INSERT INTO public."Doctor"(id_doctor, name, apellido, image)VALUES (31, 'Maria Isabel', 'Morales', 'https://thumbs.dreamstime.com/b/retrato-de-una-doctora-que-se-encuentra-aislada-fondo-blanco-m%C3%A9dico-femenino-170533490.jpg');
INSERT INTO public."Doctor"(id_doctor, name, apellido, image)VALUES (32, 'Rafael', 'Suarez', 'https://img.freepik.com/foto-gratis/doctor-hombre-pie-pensando-idea_1368-38284.jpg?w=2000');
INSERT INTO public."Doctor"(id_doctor, name, apellido, image)VALUES (33, 'Maria Jose', 'Ortega', 'https://watermark.lovepik.com/photo/20211208/large/lovepik-image-of-young-female-doctors-like-picture_501673092.jpg');
INSERT INTO public."Doctor"(id_doctor, name, apellido, image)VALUES (34, 'Migel Angel', 'Delgado', 'https://i.pinimg.com/564x/d8/bf/2a/d8bf2a8789bfd988e6f6ba00ed212c0b.jpg');
INSERT INTO public."Doctor"(id_doctor, name, apellido, image)VALUES (35, 'Lucia', 'Castro', 'http://imgs.globovision.com/E2WeKGpRprKo3l-RN5aZQWmkaiE=/847x0/smart/c30f834c91e14cf78d01a8e16fe4dd1b');
INSERT INTO public."Doctor"(id_doctor, name, apellido, image)VALUES (36, 'Pedro', 'Ortiz', 'https://media.istockphoto.com/photos/portrait-of-smiling-male-doctor-sitting-at-desk-picture-id680482624?b=1&k=6&m=680482624&s=170667a&w=0&h=Jb6KaZ7eQB8Kv9W4pu-7fPIFxBPBh0y_z4GmtZmauUk=');
INSERT INTO public."Doctor"(id_doctor, name, apellido, image)VALUES (37, 'Dolores', 'Rubio', 'https://static5.depositphotos.com/1036362/470/i/450/depositphotos_4702034-stock-photo-smiling-medical-doctor-woman-with.jpg');
INSERT INTO public."Doctor"(id_doctor, name, apellido, image)VALUES (38, 'Angel', 'Marín', 'https://encrypted-tbn0.gstatic.com/images?q=tbn:ANd9GcRsMmZr2L819y754i84yqqChxW9S3etLhVCpw&usqp=CAU');
INSERT INTO public."Doctor"(id_doctor, name, apellido, image)VALUES (39, 'Sara', 'Sanz', 'https://agenciapi.co/sites/default/files/styles/principal_seccion/public/2020-03/mujer%20doctora.jpg?h=a0da85b1&itok=G8yseWAq');
INSERT INTO public."Doctor"(id_doctor, name, apellido, image)VALUES (40, 'Pablo', 'Núñez', 'https://img.freepik.com/foto-gratis/doctor-negro-afroamericano-hombre_93675-54235.jpg?w=2000');

/*41-50*/
INSERT INTO public."Doctor"(id_doctor, name, apellido, image)VALUES (41, 'Paula', 'Iglesias', 'https://drabettymendoza.com/wp-content/uploads/2016/07/neonatologa.jpg');
INSERT INTO public."Doctor"(id_doctor, name, apellido, image)VALUES (42, 'José Maria', 'Medina', 'https://img.freepik.com/foto-gratis/doctor-hombre-pie-pensando-idea_1368-38284.jpg?w=2000');
INSERT INTO public."Doctor"(id_doctor, name, apellido, image)VALUES (43, 'Elena', 'Garrido', 'https://thumbs.dreamstime.com/b/retrato-de-una-doctora-que-se-encuentra-aislada-fondo-blanco-m%C3%A9dico-femenino-170533490.jpg');
INSERT INTO public."Doctor"(id_doctor, name, apellido, image)VALUES (44, 'Sergio', 'Cortes', 'https://media.istockphoto.com/photos/portrait-of-smiling-male-doctor-sitting-at-desk-picture-id680482624?b=1&k=6&m=680482624&s=170667a&w=0&h=Jb6KaZ7eQB8Kv9W4pu-7fPIFxBPBh0y_z4GmtZmauUk=');
INSERT INTO public."Doctor"(id_doctor, name, apellido, image)VALUES (45, 'Maria Luisa', 'Castillo', 'https://watermark.lovepik.com/photo/20211208/large/lovepik-image-of-young-female-doctors-like-picture_501673092.jpg');
INSERT INTO public."Doctor"(id_doctor, name, apellido, image)VALUES (46, 'Fernando', 'Santos', 'https://i.pinimg.com/564x/d8/bf/2a/d8bf2a8789bfd988e6f6ba00ed212c0b.jpg');
INSERT INTO public."Doctor"(id_doctor, name, apellido, image)VALUES (47, 'Pilar', 'Lozano', 'https://img.freepik.com/foto-gratis/doctora-hospital-mascara_23-2148827804.jpg?size=626&ext=jpg');
INSERT INTO public."Doctor"(id_doctor, name, apellido, image)VALUES (48, 'Luis', 'Guerrero', 'https://st.depositphotos.com/1258191/3252/i/600/depositphotos_32524605-stock-photo-portrait-of-a-handsome-doctor.jpg');
INSERT INTO public."Doctor"(id_doctor, name, apellido, image)VALUES (49, 'Raquel', 'Cano', 'http://imgs.globovision.com/E2WeKGpRprKo3l-RN5aZQWmkaiE=/847x0/smart/c30f834c91e14cf78d01a8e16fe4dd1b');
INSERT INTO public."Doctor"(id_doctor, name, apellido, image)VALUES (50, 'Jorge', 'Prieto', 'https://gacetadental.com/wp-content/uploads/2019/04/shutterstock_Nestor-Rizhniak.jpg');

/*51-60*/
INSERT INTO public."Doctor"(id_doctor, name, apellido, image)VALUES (51, 'Rosa Maria', 'Méndez', 'https://www.dramonicaruiz.com/wp-content/uploads/2017/08/doctora-monica-ruiz-ginecologia-obstetricia-1.png');
INSERT INTO public."Doctor"(id_doctor, name, apellido, image)VALUES (52, 'Alberto', 'Cruz', 'https://img.freepik.com/foto-gratis/doctor-negro-afroamericano-hombre_93675-54235.jpg?w=2000');
INSERT INTO public."Doctor"(id_doctor, name, apellido, image)VALUES (53, 'Concepción', 'Calvo', 'https://drabettymendoza.com/wp-content/uploads/2016/07/neonatologa.jpg');
INSERT INTO public."Doctor"(id_doctor, name, apellido, image)VALUES (54, 'Juan Carlos', 'Gallego', 'https://encrypted-tbn0.gstatic.com/images?q=tbn:ANd9GcRsMmZr2L819y754i84yqqChxW9S3etLhVCpw&usqp=CAU');
INSERT INTO public."Doctor"(id_doctor, name, apellido, image)VALUES (55, 'Manuela', 'Vidal', 'https://agenciapi.co/sites/default/files/styles/principal_seccion/public/2020-03/mujer%20doctora.jpg?h=a0da85b1&itok=G8yseWAq');
INSERT INTO public."Doctor"(id_doctor, name, apellido, image)VALUES (56, 'Alvaro', 'León', 'https://media.gq.com.mx/photos/61953dabc2a55bfe71d56b68/2:3/w_1329,h_1994,c_limit/GettyImages-136596059-razones-hombres-doctor-cover.jpg');
INSERT INTO public."Doctor"(id_doctor, name, apellido, image)VALUES (57, 'Mercedes', 'Marquéz', 'https://static5.depositphotos.com/1036362/470/i/450/depositphotos_4702034-stock-photo-smiling-medical-doctor-woman-with.jpg');
INSERT INTO public."Doctor"(id_doctor, name, apellido, image)VALUES (58, 'Juan Jose', 'Herrera', 'https://img.freepik.com/foto-gratis/doctor-hombre-pie-pensando-idea_1368-38284.jpg?w=2000');
INSERT INTO public."Doctor"(id_doctor, name, apellido, image)VALUES (59, 'Maria Jesus', 'Peña', 'https://img.freepik.com/foto-gratis/medicos-investigacion-infecciosa-concepto-covid-satisfacen-joven-doctora-asiatica-reciben-buena-res_1258-58226.jpghttps://static5.depositphotos.com/1036362/470/i/450/depositphotos_4702034-stock-photo-smiling-medical-doctor-woman-with.jpg');
INSERT INTO public."Doctor"(id_doctor, name, apellido, image)VALUES (60, 'Adrian', 'Flores', 'https://st.depositphotos.com/1258191/3252/i/600/depositphotos_32524605-stock-photo-portrait-of-a-handsome-doctor.jpg');

/*61-70*/
INSERT INTO public."Doctor"(id_doctor, name, apellido, image)VALUES (61, 'Beatriz', 'Cabrera', 'https://watermark.lovepik.com/photo/20211208/large/lovepik-image-of-young-female-doctors-like-picture_501673092.jpg');
INSERT INTO public."Doctor"(id_doctor, name, apellido, image)VALUES (62, 'Diego', 'Campos', 'https://img.freepik.com/foto-gratis/doctor-negro-afroamericano-hombre_93675-54235.jpg?w=2000');
INSERT INTO public."Doctor"(id_doctor, name, apellido, image)VALUES (63, 'Julia', 'Vega', 'https://static6.depositphotos.com/1017986/625/i/600/depositphotos_6258239-stock-photo-attractive-female-doctor.jpg');
INSERT INTO public."Doctor"(id_doctor, name, apellido, image)VALUES (64, 'Raul', 'Fuentes', 'https://i.pinimg.com/564x/d8/bf/2a/d8bf2a8789bfd988e6f6ba00ed212c0b.jpg');
INSERT INTO public."Doctor"(id_doctor, name, apellido, image)VALUES (65, 'Rosario', 'Carrasco', 'http://imgs.globovision.com/E2WeKGpRprKo3l-RN5aZQWmkaiE=/847x0/smart/c30f834c91e14cf78d01a8e16fe4dd1b');
INSERT INTO public."Doctor"(id_doctor, name, apellido, image)VALUES (66, 'Juan Antonio', 'Diez', 'https://www.recreoviral.com/wp-content/uploads/2019/01/doctores-recreoviral.com-14.jpg');
INSERT INTO public."Doctor"(id_doctor, name, apellido, image)VALUES (67, 'Nuria', 'Caballero', 'https://agenciapi.co/sites/default/files/styles/principal_seccion/public/2020-03/mujer%20doctora.jpg?h=a0da85b1&itok=G8yseWAq');
INSERT INTO public."Doctor"(id_doctor, name, apellido, image)VALUES (68, 'Ivan', 'Reyes', 'https://media.istockphoto.com/photos/portrait-of-smiling-male-doctor-sitting-at-desk-picture-id680482624?b=1&k=6&m=680482624&s=170667a&w=0&h=Jb6KaZ7eQB8Kv9W4pu-7fPIFxBPBh0y_z4GmtZmauUk=');
INSERT INTO public."Doctor"(id_doctor, name, apellido, image)VALUES (69, 'Juana', 'Nieto', 'https://thumbs.dreamstime.com/b/retrato-de-una-doctora-que-se-encuentra-aislada-fondo-blanco-m%C3%A9dico-femenino-170533490.jpg');
INSERT INTO public."Doctor"(id_doctor, name, apellido, image)VALUES (70, 'Enrique', 'Aguilar', 'https://img.freepik.com/foto-gratis/doctor-hombre-pie-pensando-idea_1368-38284.jpg?w=2000');

/*71-80*/
INSERT INTO public."Doctor"(id_doctor, name, apellido, image)VALUES (71, 'Silvia', 'Pascual', 'https://static5.depositphotos.com/1036362/470/i/450/depositphotos_4702034-stock-photo-smiling-medical-doctor-woman-with.jpg');
INSERT INTO public."Doctor"(id_doctor, name, apellido, image)VALUES (72, 'Ruben', 'Santana', 'https://img.freepik.com/foto-gratis/doctor-hombre-pie-pensando-idea_1368-38284.jpg?w=2000');
INSERT INTO public."Doctor"(id_doctor, name, apellido, image)VALUES (73, 'Teresa', 'Herrero', 'https://www.dramonicaruiz.com/wp-content/uploads/2017/08/doctora-monica-ruiz-ginecologia-obstetricia-1.png');
INSERT INTO public."Doctor"(id_doctor, name, apellido, image)VALUES (74, 'Ramon', 'Lorenzo', 'https://media.gq.com.mx/photos/61953dabc2a55bfe71d56b68/2:3/w_1329,h_1994,c_limit/GettyImages-136596059-razones-hombres-doctor-cover.jpg');
INSERT INTO public."Doctor"(id_doctor, name, apellido, image)VALUES (75, 'Encarnación', 'Montero', 'https://static6.depositphotos.com/1017986/625/i/600/depositphotos_6258239-stock-photo-attractive-female-doctor.jpg');
INSERT INTO public."Doctor"(id_doctor, name, apellido, image)VALUES (76, 'Oscar', 'Hidalgo', 'https://images.freeimages.com/images/premium/previews/1521/15213112-happy-male-doctor-with-thumbs-up.jpg');
INSERT INTO public."Doctor"(id_doctor, name, apellido, image)VALUES (77, 'Irene', 'Giménez', 'https://img.freepik.com/foto-gratis/doctora-hospital-mascara_23-2148827804.jpg?size=626&ext=jpg');
INSERT INTO public."Doctor"(id_doctor, name, apellido, image)VALUES (78, 'Vicente', 'Ibáñez', 'https://i.pinimg.com/564x/d8/bf/2a/d8bf2a8789bfd988e6f6ba00ed212c0b.jpg');
INSERT INTO public."Doctor"(id_doctor, name, apellido, image)VALUES (79, 'Alba', 'Ferrer', 'https://www.dentaltix.com/es/sites/default/files/odontologo-clinica-dental.jpg');
INSERT INTO public."Doctor"(id_doctor, name, apellido, image)VALUES (80, 'Andres', 'Duran', 'https://watermark.lovepik.com/photo/20211208/large/lovepik-image-of-young-female-doctors-like-picture_501673092.jpg');

/*81-90*/
INSERT INTO public."Doctor"(id_doctor, name, apellido, image)VALUES (81, 'Patricia', 'Santiago', 'https://static5.depositphotos.com/1036362/470/i/450/depositphotos_4702034-stock-photo-smiling-medical-doctor-woman-with.jpg');
INSERT INTO public."Doctor"(id_doctor, name, apellido, image)VALUES (82, 'Juan Manuel', 'Benítez', 'https://www.recreoviral.com/wp-content/uploads/2019/01/doctores-recreoviral.com-14.jpg');
INSERT INTO public."Doctor"(id_doctor, name, apellido, image)VALUES (83, 'Andrea', 'Mora', 'https://agenciapi.co/sites/default/files/styles/principal_seccion/public/2020-03/mujer%20doctora.jpg?h=a0da85b1&itok=G8yseWAq');
INSERT INTO public."Doctor"(id_doctor, name, apellido, image)VALUES (84, 'Joaquin', 'Vicente', 'https://img.freepik.com/foto-gratis/doctor-negro-afroamericano-hombre_93675-54235.jpg?w=2000');
INSERT INTO public."Doctor"(id_doctor, name, apellido, image)VALUES (85, 'Rocio', 'Vargas', 'https://img.freepik.com/foto-gratis/medicos-investigacion-infecciosa-concepto-covid-satisfacen-joven-doctora-asiatica-reciben-buena-res_1258-58226.jpghttps://static5.depositphotos.com/1036362/470/i/450/depositphotos_4702034-stock-photo-smiling-medical-doctor-woman-with.jpg');
INSERT INTO public."Doctor"(id_doctor, name, apellido, image)VALUES (86, 'Santiago', 'Arias', 'https://images.freeimages.com/images/premium/previews/1521/15213112-happy-male-doctor-with-thumbs-up.jpg');
INSERT INTO public."Doctor"(id_doctor, name, apellido, image)VALUES (87, 'Rosa', 'Carmona', 'https://drabettymendoza.com/wp-content/uploads/2016/07/neonatologa.jpg');
INSERT INTO public."Doctor"(id_doctor, name, apellido, image)VALUES (88, 'Eduardo', 'Crespo', 'https://media.gq.com.mx/photos/61953dabc2a55bfe71d56b68/2:3/w_1329,h_1994,c_limit/GettyImages-136596059-razones-hombres-doctor-cover.jpg');
INSERT INTO public."Doctor"(id_doctor, name, apellido, image)VALUES (89, 'Monica', 'Román', 'https://thumbs.dreamstime.com/b/retrato-de-una-doctora-que-se-encuentra-aislada-fondo-blanco-m%C3%A9dico-femenino-170533490.jpg');
INSERT INTO public."Doctor"(id_doctor, name, apellido, image)VALUES (90, 'Victor', 'Pastor', 'https://media.istockphoto.com/photos/portrait-of-smiling-male-doctor-sitting-at-desk-picture-id680482624?b=1&k=6&m=680482624&s=170667a&w=0&h=Jb6KaZ7eQB8Kv9W4pu-7fPIFxBPBh0y_z4GmtZmauUk=');

/*91-100*/
INSERT INTO public."Doctor"(id_doctor, name, apellido, image)VALUES (91, 'Alicia', 'Soto', 'https://www.dramonicaruiz.com/wp-content/uploads/2017/08/doctora-monica-ruiz-ginecologia-obstetricia-1.png');
INSERT INTO public."Doctor"(id_doctor, name, apellido, image)VALUES (92, 'Mario', 'Sáez', 'https://www.recreoviral.com/wp-content/uploads/2019/01/doctores-recreoviral.com-14.jpg');
INSERT INTO public."Doctor"(id_doctor, name, apellido, image)VALUES (93, 'Angela', 'Velasco', 'https://static6.depositphotos.com/1017986/625/i/600/depositphotos_6258239-stock-photo-attractive-female-doctor.jpg');
INSERT INTO public."Doctor"(id_doctor, name, apellido, image)VALUES (94, 'Roberto', 'Moya', 'https://www.dental130.es/wp-content/uploads/2021/03/Dentista-barato-Madrid.jpg');
INSERT INTO public."Doctor"(id_doctor, name, apellido, image)VALUES (95, 'Sonia', 'Soler', 'https://img.freepik.com/foto-gratis/doctora-hospital-mascara_23-2148827804.jpg?size=626&ext=jpg');
INSERT INTO public."Doctor"(id_doctor, name, apellido, image)VALUES (96, 'Jaime', 'Parra', 'https://encrypted-tbn0.gstatic.com/images?q=tbn:ANd9GcRsMmZr2L819y754i84yqqChxW9S3etLhVCpw&usqp=CAU');
INSERT INTO public."Doctor"(id_doctor, name, apellido, image)VALUES (97, 'Sandra', 'Esteban', 'http://imgs.globovision.com/E2WeKGpRprKo3l-RN5aZQWmkaiE=/847x0/smart/c30f834c91e14cf78d01a8e16fe4dd1b');
INSERT INTO public."Doctor"(id_doctor, name, apellido, image)VALUES (98, 'Marcos', 'Bravo', 'https://media.gq.com.mx/photos/61953dabc2a55bfe71d56b68/2:3/w_1329,h_1994,c_limit/GettyImages-136596059-razones-hombres-doctor-cover.jpg');
INSERT INTO public."Doctor"(id_doctor, name, apellido, image)VALUES (99, 'Marina', 'Gallardo', 'https://img.freepik.com/foto-gratis/medicos-investigacion-infecciosa-concepto-covid-satisfacen-joven-doctora-asiatica-reciben-buena-res_1258-58226.jpghttps://static5.depositphotos.com/1036362/470/i/450/depositphotos_4702034-stock-photo-smiling-medical-doctor-woman-with.jpg');
INSERT INTO public."Doctor"(id_doctor, name, apellido, image)VALUES (100, 'Ignacio', 'Rojas', 'https://softwaregestionclinicadental.com/wp-content/uploads/2018/07/dia-del-dentista.jpg');


/*Specialty*/
INSERT INTO public."Specialty"(id_specialty, name)VALUES (1, 'Cardiología');
INSERT INTO public."Specialty"(id_specialty, name)VALUES (2, 'Anestesiología');
INSERT INTO public."Specialty"(id_specialty, name)VALUES (3, 'Coloproctología');
INSERT INTO public."Specialty"(id_specialty, name)VALUES (4, 'Ginecología');
INSERT INTO public."Specialty"(id_specialty, name)VALUES (5, 'Mastología');
INSERT INTO public."Specialty"(id_specialty, name)VALUES (6, 'Neurología Infantil');
INSERT INTO public."Specialty"(id_specialty, name)VALUES (7, 'Oncología');
INSERT INTO public."Specialty"(id_specialty, name)VALUES (8, 'Psiquiatría');
INSERT INTO public."Specialty"(id_specialty, name)VALUES (9, 'Sexología');
INSERT INTO public."Specialty"(id_specialty, name)VALUES (10, 'Dermatología');
INSERT INTO public."Specialty"(id_specialty, name)VALUES (11, 'Fisiatría');
INSERT INTO public."Specialty"(id_specialty, name)VALUES (12, 'Neumonología');
INSERT INTO public."Specialty"(id_specialty, name)VALUES (13, 'Nutrición');
INSERT INTO public."Specialty"(id_specialty, name)VALUES (14, 'Otorrinolaringología');
INSERT INTO public."Specialty"(id_specialty, name)VALUES (15, 'Radiología');
INSERT INTO public."Specialty"(id_specialty, name)VALUES (16, 'Traumatología');
INSERT INTO public."Specialty"(id_specialty, name)VALUES (17, 'Endocrinología');
INSERT INTO public."Specialty"(id_specialty, name)VALUES (18, 'Hematología');
INSERT INTO public."Specialty"(id_specialty, name)VALUES (19, 'Neurocirugía');
INSERT INTO public."Specialty"(id_specialty, name)VALUES (20, 'Oftalmología');
INSERT INTO public."Specialty"(id_specialty, name)VALUES (21, 'Psicología');
INSERT INTO public."Specialty"(id_specialty, name)VALUES (22, 'Pediatría');
INSERT INTO public."Specialty"(id_specialty, name)VALUES (23, 'Urología');
INSERT INTO public."Specialty"(id_specialty, name)VALUES (24, 'Cirugía Plastica');
INSERT INTO public."Specialty"(id_specialty, name)VALUES (25, 'Gastroenterología');
INSERT INTO public."Specialty"(id_specialty, name)VALUES (26, 'Infectología');
INSERT INTO public."Specialty"(id_specialty, name)VALUES (27, 'Neurología');
INSERT INTO public."Specialty"(id_specialty, name)VALUES (28, 'Odontología');


/*D_S*/
INSERT INTO public."D_S"(fk_id_doctor, fk_id_specialty)VALUES (1, 1);
INSERT INTO public."D_S"(fk_id_doctor, fk_id_specialty)VALUES (2, 2);
INSERT INTO public."D_S"(fk_id_doctor, fk_id_specialty)VALUES (3, 3);
INSERT INTO public."D_S"(fk_id_doctor, fk_id_specialty)VALUES (4, 4);
INSERT INTO public."D_S"(fk_id_doctor, fk_id_specialty)VALUES (5, 5);
INSERT INTO public."D_S"(fk_id_doctor, fk_id_specialty)VALUES (6, 6);
INSERT INTO public."D_S"(fk_id_doctor, fk_id_specialty)VALUES (7, 7);
INSERT INTO public."D_S"(fk_id_doctor, fk_id_specialty)VALUES (8, 8);
INSERT INTO public."D_S"(fk_id_doctor, fk_id_specialty)VALUES (9, 9);
INSERT INTO public."D_S"(fk_id_doctor, fk_id_specialty)VALUES (10, 10);

INSERT INTO public."D_S"(fk_id_doctor, fk_id_specialty)VALUES (11, 11);
INSERT INTO public."D_S"(fk_id_doctor, fk_id_specialty)VALUES (12, 12);
INSERT INTO public."D_S"(fk_id_doctor, fk_id_specialty)VALUES (13, 13);
INSERT INTO public."D_S"(fk_id_doctor, fk_id_specialty)VALUES (14, 14);
INSERT INTO public."D_S"(fk_id_doctor, fk_id_specialty)VALUES (15, 15);
INSERT INTO public."D_S"(fk_id_doctor, fk_id_specialty)VALUES (16, 16);
INSERT INTO public."D_S"(fk_id_doctor, fk_id_specialty)VALUES (17, 17);
INSERT INTO public."D_S"(fk_id_doctor, fk_id_specialty)VALUES (18, 18);
INSERT INTO public."D_S"(fk_id_doctor, fk_id_specialty)VALUES (19, 19);
INSERT INTO public."D_S"(fk_id_doctor, fk_id_specialty)VALUES (20, 20);

INSERT INTO public."D_S"(fk_id_doctor, fk_id_specialty)VALUES (21, 21);
INSERT INTO public."D_S"(fk_id_doctor, fk_id_specialty)VALUES (22, 22);
INSERT INTO public."D_S"(fk_id_doctor, fk_id_specialty)VALUES (23, 23);
INSERT INTO public."D_S"(fk_id_doctor, fk_id_specialty)VALUES (24, 24);
INSERT INTO public."D_S"(fk_id_doctor, fk_id_specialty)VALUES (25, 25);
INSERT INTO public."D_S"(fk_id_doctor, fk_id_specialty)VALUES (26, 26);
INSERT INTO public."D_S"(fk_id_doctor, fk_id_specialty)VALUES (27, 27);
INSERT INTO public."D_S"(fk_id_doctor, fk_id_specialty)VALUES (28, 28);
INSERT INTO public."D_S"(fk_id_doctor, fk_id_specialty)VALUES (29, 1);
INSERT INTO public."D_S"(fk_id_doctor, fk_id_specialty)VALUES (30, 2);

INSERT INTO public."D_S"(fk_id_doctor, fk_id_specialty)VALUES (31, 3);
INSERT INTO public."D_S"(fk_id_doctor, fk_id_specialty)VALUES (32, 4);
INSERT INTO public."D_S"(fk_id_doctor, fk_id_specialty)VALUES (33, 5);
INSERT INTO public."D_S"(fk_id_doctor, fk_id_specialty)VALUES (34, 6);
INSERT INTO public."D_S"(fk_id_doctor, fk_id_specialty)VALUES (35, 7);
INSERT INTO public."D_S"(fk_id_doctor, fk_id_specialty)VALUES (36, 8);
INSERT INTO public."D_S"(fk_id_doctor, fk_id_specialty)VALUES (37, 9);
INSERT INTO public."D_S"(fk_id_doctor, fk_id_specialty)VALUES (38, 10);
INSERT INTO public."D_S"(fk_id_doctor, fk_id_specialty)VALUES (39, 11);
INSERT INTO public."D_S"(fk_id_doctor, fk_id_specialty)VALUES (40, 12);

INSERT INTO public."D_S"(fk_id_doctor, fk_id_specialty)VALUES (41, 19);
INSERT INTO public."D_S"(fk_id_doctor, fk_id_specialty)VALUES (42, 27);
INSERT INTO public."D_S"(fk_id_doctor, fk_id_specialty)VALUES (43, 15);
INSERT INTO public."D_S"(fk_id_doctor, fk_id_specialty)VALUES (44, 19);
INSERT INTO public."D_S"(fk_id_doctor, fk_id_specialty)VALUES (45, 20);
INSERT INTO public."D_S"(fk_id_doctor, fk_id_specialty)VALUES (46, 13);
INSERT INTO public."D_S"(fk_id_doctor, fk_id_specialty)VALUES (47, 4);
INSERT INTO public."D_S"(fk_id_doctor, fk_id_specialty)VALUES (48, 8);
INSERT INTO public."D_S"(fk_id_doctor, fk_id_specialty)VALUES (49, 18);
INSERT INTO public."D_S"(fk_id_doctor, fk_id_specialty)VALUES (50, 10);

INSERT INTO public."D_S"(fk_id_doctor, fk_id_specialty)VALUES (51, 13);
INSERT INTO public."D_S"(fk_id_doctor, fk_id_specialty)VALUES (52, 14);
INSERT INTO public."D_S"(fk_id_doctor, fk_id_specialty)VALUES (53, 15);
INSERT INTO public."D_S"(fk_id_doctor, fk_id_specialty)VALUES (54, 16);
INSERT INTO public."D_S"(fk_id_doctor, fk_id_specialty)VALUES (55, 17);
INSERT INTO public."D_S"(fk_id_doctor, fk_id_specialty)VALUES (56, 18);
INSERT INTO public."D_S"(fk_id_doctor, fk_id_specialty)VALUES (57, 19);
INSERT INTO public."D_S"(fk_id_doctor, fk_id_specialty)VALUES (58, 20);
INSERT INTO public."D_S"(fk_id_doctor, fk_id_specialty)VALUES (59, 21);
INSERT INTO public."D_S"(fk_id_doctor, fk_id_specialty)VALUES (60, 22);

INSERT INTO public."D_S"(fk_id_doctor, fk_id_specialty)VALUES (61, 23);
INSERT INTO public."D_S"(fk_id_doctor, fk_id_specialty)VALUES (62, 24);
INSERT INTO public."D_S"(fk_id_doctor, fk_id_specialty)VALUES (63, 25);
INSERT INTO public."D_S"(fk_id_doctor, fk_id_specialty)VALUES (64, 26);
INSERT INTO public."D_S"(fk_id_doctor, fk_id_specialty)VALUES (65, 27);
INSERT INTO public."D_S"(fk_id_doctor, fk_id_specialty)VALUES (66, 28);
INSERT INTO public."D_S"(fk_id_doctor, fk_id_specialty)VALUES (67, 1);
INSERT INTO public."D_S"(fk_id_doctor, fk_id_specialty)VALUES (68, 2);
INSERT INTO public."D_S"(fk_id_doctor, fk_id_specialty)VALUES (69, 3);
INSERT INTO public."D_S"(fk_id_doctor, fk_id_specialty)VALUES (70, 4);

INSERT INTO public."D_S"(fk_id_doctor, fk_id_specialty)VALUES (71, 5);
INSERT INTO public."D_S"(fk_id_doctor, fk_id_specialty)VALUES (72, 6);
INSERT INTO public."D_S"(fk_id_doctor, fk_id_specialty)VALUES (73, 7);
INSERT INTO public."D_S"(fk_id_doctor, fk_id_specialty)VALUES (74, 8);
INSERT INTO public."D_S"(fk_id_doctor, fk_id_specialty)VALUES (75, 9);
INSERT INTO public."D_S"(fk_id_doctor, fk_id_specialty)VALUES (76, 10);
INSERT INTO public."D_S"(fk_id_doctor, fk_id_specialty)VALUES (77, 11);
INSERT INTO public."D_S"(fk_id_doctor, fk_id_specialty)VALUES (78, 12);
INSERT INTO public."D_S"(fk_id_doctor, fk_id_specialty)VALUES (79, 13);
INSERT INTO public."D_S"(fk_id_doctor, fk_id_specialty)VALUES (80, 14);

INSERT INTO public."D_S"(fk_id_doctor, fk_id_specialty)VALUES (81, 15);
INSERT INTO public."D_S"(fk_id_doctor, fk_id_specialty)VALUES (82, 21);
INSERT INTO public."D_S"(fk_id_doctor, fk_id_specialty)VALUES (83, 3);
INSERT INTO public."D_S"(fk_id_doctor, fk_id_specialty)VALUES (84, 24);
INSERT INTO public."D_S"(fk_id_doctor, fk_id_specialty)VALUES (85, 13);
INSERT INTO public."D_S"(fk_id_doctor, fk_id_specialty)VALUES (86, 20);
INSERT INTO public."D_S"(fk_id_doctor, fk_id_specialty)VALUES (87, 3);
INSERT INTO public."D_S"(fk_id_doctor, fk_id_specialty)VALUES (88, 6);
INSERT INTO public."D_S"(fk_id_doctor, fk_id_specialty)VALUES (89, 18);
INSERT INTO public."D_S"(fk_id_doctor, fk_id_specialty)VALUES (90, 10);

INSERT INTO public."D_S"(fk_id_doctor, fk_id_specialty)VALUES (91, 22);
INSERT INTO public."D_S"(fk_id_doctor, fk_id_specialty)VALUES (92, 4);
INSERT INTO public."D_S"(fk_id_doctor, fk_id_specialty)VALUES (93, 24);
INSERT INTO public."D_S"(fk_id_doctor, fk_id_specialty)VALUES (94, 1);
INSERT INTO public."D_S"(fk_id_doctor, fk_id_specialty)VALUES (95, 1);
INSERT INTO public."D_S"(fk_id_doctor, fk_id_specialty)VALUES (96, 1);
INSERT INTO public."D_S"(fk_id_doctor, fk_id_specialty)VALUES (97, 2);
INSERT INTO public."D_S"(fk_id_doctor, fk_id_specialty)VALUES (98, 16);
INSERT INTO public."D_S"(fk_id_doctor, fk_id_specialty)VALUES (99, 25);
INSERT INTO public."D_S"(fk_id_doctor, fk_id_specialty)VALUES (100, 7);


/*Doctores con dos especialidades*/
INSERT INTO public."D_S"(fk_id_doctor, fk_id_specialty)VALUES (8, 1);
INSERT INTO public."D_S"(fk_id_doctor, fk_id_specialty)VALUES (46, 15);
INSERT INTO public."D_S"(fk_id_doctor, fk_id_specialty)VALUES (43, 16);
INSERT INTO public."D_S"(fk_id_doctor, fk_id_specialty)VALUES (60, 3);
INSERT INTO public."D_S"(fk_id_doctor, fk_id_specialty)VALUES (67, 13);
INSERT INTO public."D_S"(fk_id_doctor, fk_id_specialty)VALUES (61, 10);
INSERT INTO public."D_S"(fk_id_doctor, fk_id_specialty)VALUES (93, 16);
INSERT INTO public."D_S"(fk_id_doctor, fk_id_specialty)VALUES (52, 6);
INSERT INTO public."D_S"(fk_id_doctor, fk_id_specialty)VALUES (30, 7);
INSERT INTO public."D_S"(fk_id_doctor, fk_id_specialty)VALUES (17, 28);

INSERT INTO public."D_S"(fk_id_doctor, fk_id_specialty)VALUES (33, 4);
INSERT INTO public."D_S"(fk_id_doctor, fk_id_specialty)VALUES (2, 28);
INSERT INTO public."D_S"(fk_id_doctor, fk_id_specialty)VALUES (89, 27);
INSERT INTO public."D_S"(fk_id_doctor, fk_id_specialty)VALUES (95, 5);
INSERT INTO public."D_S"(fk_id_doctor, fk_id_specialty)VALUES (86, 3);
INSERT INTO public."D_S"(fk_id_doctor, fk_id_specialty)VALUES (5, 16);
INSERT INTO public."D_S"(fk_id_doctor, fk_id_specialty)VALUES (18, 25);
INSERT INTO public."D_S"(fk_id_doctor, fk_id_specialty)VALUES (49, 17);
INSERT INTO public."D_S"(fk_id_doctor, fk_id_specialty)VALUES (96, 27);
INSERT INTO public."D_S"(fk_id_doctor, fk_id_specialty)VALUES (16, 5);

INSERT INTO public."D_S"(fk_id_doctor, fk_id_specialty)VALUES (84, 14);
INSERT INTO public."D_S"(fk_id_doctor, fk_id_specialty)VALUES (39, 15);
INSERT INTO public."D_S"(fk_id_doctor, fk_id_specialty)VALUES (78, 20);
INSERT INTO public."D_S"(fk_id_doctor, fk_id_specialty)VALUES (32, 1);
INSERT INTO public."D_S"(fk_id_doctor, fk_id_specialty)VALUES (70, 18);
INSERT INTO public."D_S"(fk_id_doctor, fk_id_specialty)VALUES (54, 21);
INSERT INTO public."D_S"(fk_id_doctor, fk_id_specialty)VALUES (87, 24);
INSERT INTO public."D_S"(fk_id_doctor, fk_id_specialty)VALUES (10, 23);
INSERT INTO public."D_S"(fk_id_doctor, fk_id_specialty)VALUES (29, 22);
INSERT INTO public."D_S"(fk_id_doctor, fk_id_specialty)VALUES (65, 17);